Virus Name,Virus Group,Genome Size (kbp),Mutation Rate (s/n/c),Mutation Rate Reference,Genbank Link (Genome Size Reference)
T4,Bacteriophage,168.9,2.4 × 10⁻⁸ s/n/c,Drake JW (1991) Genetics 129:695-701. PMID:1752426,https://www.ncbi.nlm.nih.gov/nuccore/AF158101.7
T7,Bacteriophage,39.9,~10⁻⁸ s/n/c (estimated),Sanjuán R et al. (2010) J Virol 84:9733-9748. doi:10.1128/JVI.00694-10,https://www.ncbi.nlm.nih.gov/nuccore/V01146.1
T3,Bacteriophage,38.2,"~10⁻⁸  s/n/c (estimated, T7-like)",Sanjuán R et al. (2010) J Virol 84:9733-9748. doi:10.1128/JVI.00694-10,https://www.ncbi.nlm.nih.gov/nuccore/NC_003298.1
T1,Bacteriophage,48.8,"~10⁻⁷ s/n/c (estimated, dsDNA phage)",Sanjuán R et al. (2010) J Virol 84:9733-9748. doi:10.1128/JVI.00694-10,https://www.ncbi.nlm.nih.gov/nuccore/AY216660.1
T5,Bacteriophage,121.7,"~10⁻⁷ s/n/c (estimated, dsDNA phage)",Sanjuán R et al. (2010) J Virol 84:9733-9748. doi:10.1128/JVI.00694-10,https://www.ncbi.nlm.nih.gov/nuccore/AY543070.1
Lambda (λ),Bacteriophage,48.5,7.7× 10⁻⁸ s/n/c,Drake JW (1991) Genetics 129:695-701. PMID:1752426,https://www.ncbi.nlm.nih.gov/nuccore/J02459.1
P1,Bacteriophage,94.8,"~10⁻⁷ s/n/c (estimated, dsDNA legacy Myovirus)",Sanjuán R et al. (2010) J Virol 84:9733-9748. doi:10.1128/JVI.00694-10,https://www.ncbi.nlm.nih.gov/nuccore/AF234172.1
P2,Bacteriophage,33.6,"~10⁻⁷ s/n/c (estimated, dsDNA legacy Myovirus)",Sanjuán R et al. (2010) J Virol 84:9733-9748. doi:10.1128/JVI.00694-10,https://www.ncbi.nlm.nih.gov/nuccore/AF063097.1
N4,Bacteriophage,70.2,"~10⁻⁷ s/n/c (estimated, dsDNA legacy Podovirus)",Sanjuán R et al. (2010) J Virol 84:9733-9748. doi:10.1128/JVI.00694-10,https://www.ncbi.nlm.nih.gov/nuccore/NC_008720.1
Mu,Bacteriophage,36.7,"~10⁻⁷ s/n/c (estimated, transposable dsDNA)",Sanjuán R et al. (2010) J Virol 84:9733-9748. doi:10.1128/JVI.00694-10,https://www.ncbi.nlm.nih.gov/nuccore/AF083977
phi80,Bacteriophage,46.2,"~10⁻⁷ s/n/c (estimated, lambda-like)",Sanjuán R et al. (2010) J Virol 84:9733-9748. doi:10.1128/JVI.00694-10,https://www.ncbi.nlm.nih.gov/nuccore/NC_021190.1
186,Bacteriophage,30.6,"~10⁻⁷ s/n/c (estimated, dsDNA legacy Myovirus)",Sanjuán R et al. (2010) J Virol 84:9733-9748. doi:10.1128/JVI.00694-10,https://www.ncbi.nlm.nih.gov/nuccore/U32222.1
HK97,Bacteriophage,39.7,"~10⁻⁷ s/n/c (estimated, lambda-like)",Sanjuán R et al. (2010) J Virol 84:9733-9748. doi:10.1128/JVI.00694-10,https://www.ncbi.nlm.nih.gov/nuccore/AF069529.1
Chi,Bacteriophage,59.6,"~10⁻⁷ s/n/c (estimated, dsDNA legacy Siphovirus)",Sanjuán R et al. (2010) J Virol 84:9733-9748. doi:10.1128/JVI.00694-10,https://www.ncbi.nlm.nih.gov/nuccore/NC_025442.1
PhiX174,Bacteriophage,5.4,1.1 × 10⁻⁶ s/n/c,"Cuevas JM, Duffy S, Sanjuán R. Point mutation rate of bacteriophage PhiX174. Genetics. 2009 Oct;183(2):747-9. doi: 10.1534/genetics.109.106005. Epub 2009 Aug 3. PMID: 19652180; PMCID: PMC2766332.",https://www.ncbi.nlm.nih.gov/nuccore/J02482.1
MS2,Bacteriophage,3.6,1.0 × 10⁻³ s/n/c,"Jonathan P. Bollback, John P. Huelsenbeck, Clonal Interference Is Alleviated by High Mutation Rates in Large Populations, Molecular Biology and Evolution, Volume 24, Issue 6, June 2007, Pages 1397–1406, https://doi.org/10.1093/molbev/msm056",https://www.ncbi.nlm.nih.gov/nuccore/V00642.1
Qbeta,Bacteriophage,4.2,1.4 × 10⁻³  s/n/c,"Bradwell K, Combe M, Domingo-Calap P, Sanjuán R. Correlation between mutation rate and genome size in riboviruses: mutation rate of bacteriophage Qβ. Genetics. 2013 Sep;195(1):243-51. doi: 10.1534/genetics.113.154963. Epub 2013 Jul 12. PMID: 23852383; PMCID: PMC3761305.",https://www.ncbi.nlm.nih.gov/nuccore/AB971354
M13,Bacteriophage,6.4,7.2 × 10⁻⁷ s/n/c,"Drake JW, Charlesworth B, Charlesworth D, Crow JF. Rates of spontaneous mutation. Genetics. 1998 Apr148(4):1667-86.",https://www.ncbi.nlm.nih.gov/nuccore/V00604
R17,Bacteriophage,3.6,"~10⁻⁴  s/n/c (estimated, RNA phage)",Sanjuán R et al. (2010) J Virol 84:9733-9748. doi:10.1128/JVI.00694-10,https://www.ncbi.nlm.nih.gov/nuccore/EF108465
phi29,Bacteriophage,19.3,~3 × 10⁻⁸ s/n/c (estimated),Sanjuán R et al. (2010) J Virol 84:9733-9748. doi:10.1128/JVI.00694-10,https://www.ncbi.nlm.nih.gov/nuccore/NC_020844
SPO1,Bacteriophage,132.6,"~10⁻⁷ s/n/c (estimated, large dsDNA legacy Myovirus)",Sanjuán R et al. (2010) J Virol 84:9733-9748. doi:10.1128/JVI.00694-10,https://www.ncbi.nlm.nih.gov/nuccore/NC_011421
SPbeta,Bacteriophage,134.4,"~10⁻⁷ s/n/c (estimated, dsDNA legacy Siphovirus)",Sanjuán R et al. (2010) J Virol 84:9733-9748. doi:10.1128/JVI.00694-10,https://www.ncbi.nlm.nih.gov/nuccore/AF020713
SPP1,Bacteriophage,44,"~10⁻⁷ s/n/c (estimated, dsDNA legacy Siphovirus)",Sanjuán R et al. (2010) J Virol 84:9733-9748. doi:10.1128/JVI.00694-10,https://www.ncbi.nlm.nih.gov/nuccore/X97918.2
AR9,Bacteriophage,251,"~10⁻⁷ s/n/c (estimated, jumbo dsDNA)",Sanjuán R et al. (2010) J Virol 84:9733-9748. doi:10.1128/JVI.00694-10,https://www.ncbi.nlm.nih.gov/nuccore/NC_031039.1
P22,Bacteriophage,41.7,"~10⁻⁷ s/n/c (estimated, dsDNA legacy Podovirus)",Sanjuán R et al. (2010) J Virol 84:9733-9748. doi:10.1128/JVI.00694-10,https://www.ncbi.nlm.nih.gov/nuccore/BK000583.1
Felix O1,Bacteriophage,86.2,"~10⁻⁷ s/n/c (estimated, dsDNA legacy Myovirus)",Sanjuán R et al. (2010) J Virol 84:9733-9748. doi:10.1128/JVI.00694-10,https://www.ncbi.nlm.nih.gov/nuccore/NC_005282
SP6,Bacteriophage,43.8,"~10⁻⁷ s/n/c (estimated, T7-like legacy Podovirus)",Sanjuán R et al. (2010) J Virol 84:9733-9748. doi:10.1128/JVI.00694-10,https://www.ncbi.nlm.nih.gov/nuccore/AY288927
phi6,Bacteriophage,13.4,"3.9 × 10⁻⁶ s/n/c (dsRNA, per segment)","Singhal, S., Balitactac, A. K., Nayagam, A. G., Pour Bahrami, P., Nayeem, S., & Turner, P. E. (2024). Experimental Evolution Studies in Φ6 Cystovirus. Viruses, 16(6), 977. https://doi.org/10.3390/v16060977",https://www.ncbi.nlm.nih.gov/nuccore/NC_003714 https://www.ncbi.nlm.nih.gov/nuccore/NC_003716 https://www.ncbi.nlm.nih.gov/nuccore/NC_003715
phiKZ,Bacteriophage,280.3,"~10⁻⁷ s/n/c (estimated, jumbo dsDNA)",Sanjuán R et al. (2010) J Virol 84:9733-9748. doi:10.1128/JVI.00694-10,https://www.ncbi.nlm.nih.gov/nuccore/AF399011.1
EL,Bacteriophage,211.2,"~10⁻⁷ s/n/c (estimated, jumbo dsDNA)",Sanjuán R et al. (2010) J Virol 84:9733-9748. doi:10.1128/JVI.00694-10,https://www.ncbi.nlm.nih.gov/nuccore/NC_007623.1
phiPA3,Bacteriophage,309.2,"~10⁻⁷ s/n/c (estimated, jumbo dsDNA)",Sanjuán R et al. (2010) J Virol 84:9733-9748. doi:10.1128/JVI.00694-10,https://www.ncbi.nlm.nih.gov/nuccore/NC_028999
phi11,Bacteriophage,43.6,"~10⁻⁷ s/n/c (estimated, dsDNA legacy Siphovirus)",Sanjuán R et al. (2010) J Virol 84:9733-9748. doi:10.1128/JVI.00694-10,https://www.ncbi.nlm.nih.gov/nuccore/NC_004615
K,Bacteriophage,127.4,"~10⁻⁷ s/n/c (estimated, dsDNA legacy Myovirus)",Sanjuán R et al. (2010) J Virol 84:9733-9748. doi:10.1128/JVI.00694-10,https://www.ncbi.nlm.nih.gov/nuccore/AY176327.1
Twort,Bacteriophage,130.7,"~10⁻⁷ s/n/c (estimated, dsDNA legacy Myovirus)",Sanjuán R et al. (2010) J Virol 84:9733-9748. doi:10.1128/JVI.00694-10,https://www.ncbi.nlm.nih.gov/nuccore/NC_007021
phiC31,Bacteriophage,41.5,"~10⁻⁷ s/n/c (estimated, dsDNA legacy Siphovirus)",Sanjuán R et al. (2010) J Virol 84:9733-9748. doi:10.1128/JVI.00694-10,https://www.ncbi.nlm.nih.gov/nuccore/AJ006589
L5,Bacteriophage,52.3,"~10⁻⁷ s/n/c (estimated, mycobacteriophage dsDNA)",Sanjuán R et al. (2010) J Virol 84:9733-9748. doi:10.1128/JVI.00694-10,https://www.ncbi.nlm.nih.gov/nuccore/Z18946.1
TM4,Bacteriophage,52.8,"~10⁻⁷ s/n/c (estimated, mycobacteriophage dsDNA)",Sanjuán R et al. (2010) J Virol 84:9733-9748. doi:10.1128/JVI.00694-10,https://www.ncbi.nlm.nih.gov/nuccore/AF068845.1
D29,Bacteriophage,49.1,"~10⁻⁷ s/n/c (estimated, mycobacteriophage dsDNA)",Sanjuán R et al. (2010) J Virol 84:9733-9748. doi:10.1128/JVI.00694-10,https://www.ncbi.nlm.nih.gov/nuccore/AF022214
Bxb1,Bacteriophage,50.6,"~10⁻⁷ s/n/c (estimated, mycobacteriophage dsDNA)",Sanjuán R et al. (2010) J Virol 84:9733-9748. doi:10.1128/JVI.00694-10,https://www.ncbi.nlm.nih.gov/nuccore/AF271693
CbK,Bacteriophage,215.7,"~10⁻⁷ s/n/c (estimated, jumbo dsDNA legacy Siphovirus)",Sanjuán R et al. (2010) J Virol 84:9733-9748. doi:10.1128/JVI.00694-10,https://www.ncbi.nlm.nih.gov/nuccore/NC_019405
Syn9,Bacteriophage,177.3,"~10⁻⁷ s/n/c (estimated, marine dsDNA legacy Myovirus)",Sanjuán R et al. (2010) J Virol 84:9733-9748. doi:10.1128/JVI.00694-10,https://www.ncbi.nlm.nih.gov/nuccore/DQ149023
S-PM2,Bacteriophage,196.3,"~10⁻⁷ s/n/c (estimated, marine dsDNA legacy Myovirus)",Sanjuán R et al. (2010) J Virol 84:9733-9748. doi:10.1128/JVI.00694-10,https://www.ncbi.nlm.nih.gov/nuccore/NC_006820.1
P-SSM4,Bacteriophage,178.2,"~10⁻⁷ s/n/c (estimated, marine dsDNA legacy Myovirus)",Sanjuán R et al. (2010) J Virol 84:9733-9748. doi:10.1128/JVI.00694-10,https://www.ncbi.nlm.nih.gov/nuccore/AY940168
P-SSM2,Bacteriophage,252.4,"~10⁻⁷ s/n/c (estimated, marine dsDNA legacy Myovirus)",Sanjuán R et al. (2010) J Virol 84:9733-9748. doi:10.1128/JVI.00694-10,https://www.ncbi.nlm.nih.gov/nuccore/NC_006883
IME13,Bacteriophage,162.3,"~10⁻⁷ s/n/c (estimated, dsDNA legacy Myovirus)",Sanjuán R et al. (2010) J Virol 84:9733-9748. doi:10.1128/JVI.00694-10,https://www.ncbi.nlm.nih.gov/nuccore/NC_029000
vB_EfaS_LOK1,Bacteriophage,41.2,"~10⁻⁷ s/n/c (estimated, dsDNA legacy Siphovirus)",Sanjuán R et al. (2010) J Virol 84:9733-9748. doi:10.1128/JVI.00694-10,https://www.ncbi.nlm.nih.gov/nuccore/3011725700
EFDG1,Bacteriophage,147.6,"~10⁻⁷ s/n/c (estimated, dsDNA legacy Myovirus)",Sanjuán R et al. (2010) J Virol 84:9733-9748. doi:10.1128/JVI.00694-10,https://www.ncbi.nlm.nih.gov/nuccore/NC_029009.1
Herpes simplex 1 (HSV-1),Animal dsDNA,152.2,5.9 × 10⁻⁸ s/n/c,"Sanjuán R, Nebot MR, Chirico N, Mansky LM, Belshaw R. Viral mutation rates. J Virol. 2010 Oct;84(19):9733-48. doi: 10.1128/JVI.00694-10. Epub 2010 Jul 21. PMID: 20660197; PMCID: PMC2937809.",https://www.ncbi.nlm.nih.gov/nuccore/NC_001806.2
Herpes simplex 2 (HSV-2),Animal dsDNA,154.7,"~5 × 10⁻⁸ s/n/c (estimated, HSV-like)",Peck KM et al. (2015) J Virol 89:747-757. doi:10.1128/JVI.02591-14,https://www.ncbi.nlm.nih.gov/nuccore/NC_001798.2
Varicella-zoster (VZV),Animal dsDNA,124.9,"~10⁻⁷ s/n/c (estimated, orthoherpesvirus dsDNA)",Sanjuán R et al. (2010) J Virol 84:9733-9748. doi:10.1128/JVI.00694-10,https://www.ncbi.nlm.nih.gov/nuccore/NC_001348.1
Cytomegalovirus (CMV/HHV-5),Animal dsDNA,235.6,~10⁻⁷ to 10⁻⁸ s/n/c (large orthoherpesvirus),Renzette N et al. (2013) PLoS Pathog 9:e1003728. doi:10.1371/journal.ppat.1003728,https://www.ncbi.nlm.nih.gov/nuccore/NC_006273.2
EBV (HHV-4),Animal dsDNA,171.8,"~10⁻⁷ s/n/c (estimated, orthoherpesvirus dsDNA)",Sanjuán R et al. (2010) J Virol 84:9733-9748. doi:10.1128/JVI.00694-10,https://www.ncbi.nlm.nih.gov/nuccore/NC_007605.1
KSHV (HHV-8),Animal dsDNA,138,"~10⁻⁷ s/n/c (estimated, orthoherpesvirus dsDNA)",Sanjuán R et al. (2010) J Virol 84:9733-9748. doi:10.1128/JVI.00694-10,https://www.ncbi.nlm.nih.gov/nuccore/NC_009333.1
HHV-6A,Animal dsDNA,159.3,"~10⁻⁷ s/n/c (estimated, orthoherpesvirus dsDNA)",Sanjuán R et al. (2010) J Virol 84:9733-9748. doi:10.1128/JVI.00694-10,https://www.ncbi.nlm.nih.gov/nuccore/NC_001664.4
HHV-6B,Animal dsDNA,162.1,"~10⁻⁷ s/n/c (estimated, orthoherpesvirus dsDNA)",Sanjuán R et al. (2010) J Virol 84:9733-9748. doi:10.1128/JVI.00694-10,https://www.ncbi.nlm.nih.gov/nuccore/NC_000898.1
HHV-7,Animal dsDNA,153.1,"~10⁻⁷ s/n/c (estimated, orthoherpesvirus dsDNA)",Sanjuán R et al. (2010) J Virol 84:9733-9748. doi:10.1128/JVI.00694-10,https://www.ncbi.nlm.nih.gov/nuccore/NC_001716.2
Murine CMV (MCMV),Animal dsDNA,230.3,"~10⁻⁷ s/n/c (estimated, orthoherpesvirus dsDNA)",Renzette N et al. (2013) PLoS Pathog 9:e1003728. doi:10.1371/journal.ppat.1003728,https://www.ncbi.nlm.nih.gov/nuccore/NC_004065.1
Vaccinia virus (VACV),Animal dsDNA,191.7,"~1 × 10⁻⁸ s/n/c (estimated, poxvirus)","Qin L, Evans DH. Genome scale patterns of recombination between coinfecting vaccinia viruses. J Virol. 2014 May;88(10):5277-86. doi: 10.1128/JVI.00022-14. Epub 2014 Feb 26. PMID: 24574414; PMCID: PMC4019122.",https://www.ncbi.nlm.nih.gov/nuccore/NC_006998.1
Variola (Smallpox),Animal dsDNA,185.6,"~10⁻⁸ s/n/c (estimated, large poxvirus)","Qin L, Evans DH. Genome scale patterns of recombination between coinfecting vaccinia viruses. J Virol. 2014 May;88(10):5277-86. doi: 10.1128/JVI.00022-14. Epub 2014 Feb 26. PMID: 24574414; PMCID: PMC4019122.",https://www.ncbi.nlm.nih.gov/nuccore/NC_001611.1
Ectromelia (Mousepox),Animal dsDNA,209.8,"~10⁻⁸ s/n/c (estimated, poxvirus)","Qin L, Evans DH. Genome scale patterns of recombination between coinfecting vaccinia viruses. J Virol. 2014 May;88(10):5277-86. doi: 10.1128/JVI.00022-14. Epub 2014 Feb 26. PMID: 24574414; PMCID: PMC4019122.",https://www.ncbi.nlm.nih.gov/nuccore/NC_004105.1
Mpox (MPXV),Animal dsDNA,197,"~10⁻⁸ s/n/c (estimated, poxvirus)","Qin L, Evans DH. Genome scale patterns of recombination between coinfecting vaccinia viruses. J Virol. 2014 May;88(10):5277-86. doi: 10.1128/JVI.00022-14. Epub 2014 Feb 26. PMID: 24574414; PMCID: PMC4019122.",https://www.ncbi.nlm.nih.gov/nuccore/NC_003310.1
Fowlpox virus,Animal dsDNA,288.5,"~10⁻⁸ s/n/c (estimated, large poxvirus)","Qin L, Evans DH. Genome scale patterns of recombination between coinfecting vaccinia viruses. J Virol. 2014 May;88(10):5277-86. doi: 10.1128/JVI.00022-14. Epub 2014 Feb 26. PMID: 24574414; PMCID: PMC4019122.",https://www.ncbi.nlm.nih.gov/nuccore/NC_002188.1
Adenovirus 2 (HAdV-2),Animal dsDNA,35.9,1.3 × 10⁻⁷ s/n/c (adenovirus class),"Risso-Ballester J, Cuevas JM, Sanjuán R. Genome-Wide Estimation of the Spontaneous Mutation Rate of Human Adenovirus 5 by High-Fidelity Deep Sequencing. PLoS Pathog. 2016 Nov 8;12(11):e1006013. doi: 10.1371/journal.ppat.1006013. PMID: 27824949; PMCID: PMC5100877.",https://www.ncbi.nlm.nih.gov/nuccore/AC_000007.1
Adenovirus 5 (HAdV-5),Animal dsDNA,35.9,1.3 × 10⁻⁷ s/n/c ,"Risso-Ballester J, Cuevas JM, Sanjuán R. Genome-Wide Estimation of the Spontaneous Mutation Rate of Human Adenovirus 5 by High-Fidelity Deep Sequencing. PLoS Pathog. 2016 Nov 8;12(11):e1006013. doi: 10.1371/journal.ppat.1006013. PMID: 27824949; PMCID: PMC5100877.",https://www.ncbi.nlm.nih.gov/nuccore/AC_000008.1
Adenovirus 12 (HAdV-12),Animal dsDNA,34.1,1.3 × 10⁻⁷ s/n/c (adenovirus class),"Risso-Ballester J, Cuevas JM, Sanjuán R. Genome-Wide Estimation of the Spontaneous Mutation Rate of Human Adenovirus 5 by High-Fidelity Deep Sequencing. PLoS Pathog. 2016 Nov 8;12(11):e1006013. doi: 10.1371/journal.ppat.1006013. PMID: 27824949; PMCID: PMC5100877.",https://www.ncbi.nlm.nih.gov/nuccore/X73487
SV40,Animal dsDNA,5.2,"10⁻⁷ s/n/c (estimated, polyomavirus)","Risso-Ballester J, Cuevas JM, Sanjuán R. Genome-Wide Estimation of the Spontaneous Mutation Rate of Human Adenovirus 5 by High-Fidelity Deep Sequencing. PLoS Pathog. 2016 Nov 8;12(11):e1006013. doi: 10.1371/journal.ppat.1006013. PMID: 27824949; PMCID: PMC5100877.",https://www.ncbi.nlm.nih.gov/nuccore/J02400.1
BK polyomavirus (BKV),Animal dsDNA,5.2,"10⁻⁷ s/n/c (estimated, polyomavirus)","Risso-Ballester J, Cuevas JM, Sanjuán R. Genome-Wide Estimation of the Spontaneous Mutation Rate of Human Adenovirus 5 by High-Fidelity Deep Sequencing. PLoS Pathog. 2016 Nov 8;12(11):e1006013. doi: 10.1371/journal.ppat.1006013. PMID: 27824949; PMCID: PMC5100877.",https://www.ncbi.nlm.nih.gov/nuccore/NC_001538.1
JC polyomavirus (JCV),Animal dsDNA,5.1,"10⁻⁷ s/n/c (estimated, polyomavirus)","Risso-Ballester J, Cuevas JM, Sanjuán R. Genome-Wide Estimation of the Spontaneous Mutation Rate of Human Adenovirus 5 by High-Fidelity Deep Sequencing. PLoS Pathog. 2016 Nov 8;12(11):e1006013. doi: 10.1371/journal.ppat.1006013. PMID: 27824949; PMCID: PMC5100877.",https://www.ncbi.nlm.nih.gov/nuccore/NC_001699.1
Murine polyomavirus,Animal dsDNA,5.3,"10⁻⁷ s/n/c (estimated, polyomavirus)","Risso-Ballester J, Cuevas JM, Sanjuán R. Genome-Wide Estimation of the Spontaneous Mutation Rate of Human Adenovirus 5 by High-Fidelity Deep Sequencing. PLoS Pathog. 2016 Nov 8;12(11):e1006013. doi: 10.1371/journal.ppat.1006013. PMID: 27824949; PMCID: PMC5100877.",https://www.ncbi.nlm.nih.gov/nuccore/NC_001515
HPV-16,Animal dsDNA,7.9,"~10⁻⁷ s/n/c (estimated, papillomavirus dsDNA)","Peck KM, Lauring AS2018.Complexities of Viral Mutation Rates. J Virol92:10.1128/jvi.01031-17.https://doi.org/10.1128/jvi.01031-17",https://www.ncbi.nlm.nih.gov/nuccore/NC_001526.4
HPV-18,Animal dsDNA,7.9,"~10⁻⁷ s/n/c (estimated, papillomavirus dsDNA)","Peck KM, Lauring AS2018.Complexities of Viral Mutation Rates. J Virol92:10.1128/jvi.01031-17.https://doi.org/10.1128/jvi.01031-17",https://www.ncbi.nlm.nih.gov/nuccore/NC_001357.1
Bovine papillomavirus 1,Animal dsDNA,7.9,"~10⁻⁷ s/n/c (estimated, papillomavirus dsDNA)","Peck KM, Lauring AS2018.Complexities of Viral Mutation Rates. J Virol92:10.1128/jvi.01031-17.https://doi.org/10.1128/jvi.01031-17",https://www.ncbi.nlm.nih.gov/nuccore/NC_001522.1
AAV2 (Adeno-assoc. virus),Animal dsDNA,4.7,"~10⁻⁴   s/n/c (estimated, ssDNA parvovirus)","Zeltner, N., Kohlbrenner, E., Clément, N. et al. Near-perfect infectivity of wild-type AAV as benchmark for infectivity of recombinant AAV vectors. Gene Ther 17, 872–879 (2010). https://doi.org/10.1038/gt.2010.27, Shackelton LA, Parrish CR, Truyen U, Holmes EC. High rate of viral evolution associated with the emergence of carnivore parvovirus. Proc Natl Acad Sci U S A. 2005 Jan 11;102(2):379-84. doi: 10.1073/pnas.0406765102. Epub 2004 Dec 30. PMID: 15626758; PMCID: PMC544290.",https://www.ncbi.nlm.nih.gov/nuccore/NC_001401.2
MVM (Minute virus of mice),Animal dsDNA,5.1,"~10⁻⁴   s/n/c (estimated, ssDNA parvovirus)","Zeltner, N., Kohlbrenner, E., Clément, N. et al. Near-perfect infectivity of wild-type AAV as benchmark for infectivity of recombinant AAV vectors. Gene Ther 17, 872–879 (2010). https://doi.org/10.1038/gt.2010.27, Shackelton LA, Parrish CR, Truyen U, Holmes EC. High rate of viral evolution associated with the emergence of carnivore parvovirus. Proc Natl Acad Sci U S A. 2005 Jan 11;102(2):379-84. doi: 10.1073/pnas.0406765102. Epub 2004 Dec 30. PMID: 15626758; PMCID: PMC544290.",https://www.ncbi.nlm.nih.gov/nuccore/NC_001510.1
Parvovirus B19,Animal dsDNA,5.6,"~10⁻⁴   s/n/c (estimated, ssDNA parvovirus)","Zeltner, N., Kohlbrenner, E., Clément, N. et al. Near-perfect infectivity of wild-type AAV as benchmark for infectivity of recombinant AAV vectors. Gene Ther 17, 872–879 (2010). https://doi.org/10.1038/gt.2010.27, Shackelton LA, Parrish CR, Truyen U, Holmes EC. High rate of viral evolution associated with the emergence of carnivore parvovirus. Proc Natl Acad Sci U S A. 2005 Jan 11;102(2):379-84. doi: 10.1073/pnas.0406765102. Epub 2004 Dec 30. PMID: 15626758; PMCID: PMC544290.",https://www.ncbi.nlm.nih.gov/nuccore/NC_000883.2
Frog virus 3 (FV3),Animal dsDNA,105.9,"~10⁻⁷ s/n/c (estimated, dsDNA virus)",Sanjuán R et al. (2010) J Virol 84:9733-9748. doi:10.1128/JVI.00694-10,https://www.ncbi.nlm.nih.gov/nuccore/NC_005946.1
Invertebrate iridovirus 6,Animal dsDNA,212.5,"~10⁻⁷ s/n/c (estimated, dsDNA virus)",Sanjuán R et al. (2010) J Virol 84:9733-9748. doi:10.1128/JVI.00694-11,https://www.ncbi.nlm.nih.gov/nuccore/NC_003038
ASFV,Animal dsDNA,190.6,"~10⁻⁷ s/n/c (estimated, dsDNA virus)",Sanjuán R et al. (2010) J Virol 84:9733-9748. doi:10.1128/JVI.00694-12,https://www.ncbi.nlm.nih.gov/nuccore/FR682468
Mimivirus,Animal dsDNA,1182,"~10⁻⁸ s/n/c (estimated, nucleocytoplasmic large dsDNA virus)",Sanjuán R et al. (2010) J Virol 84:9733-9748. doi:10.1128/JVI.00694-13,https://www.ncbi.nlm.nih.gov/nuccore/NC_014649.1
Pandoravirus salinus,Animal dsDNA,2474,Not determined; estimated ~10⁻⁸ s/n/c (large dsDNA),Sanjuán R et al. (2010) J Virol 84:9733-9748. doi:10.1128/JVI.00694-14,https://www.ncbi.nlm.nih.gov/nuccore/NC_022098.1
Pithovirus sibericum,Animal dsDNA,610,Not determined; estimated ~10⁻⁸ s/n/c (large dsDNA),Sanjuán R et al. (2010) J Virol 84:9733-9748. doi:10.1128/JVI.00694-15,https://www.ncbi.nlm.nih.gov/nuccore/NC_023423.1
Chlorella virus PBCV-1,Animal dsDNA,330.6,"~10⁻⁷ s/n/c (estimated, large dsDNA phycodnavirus)",Sanjuán R et al. (2010) J Virol 84:9733-9748. doi:10.1128/JVI.00694-16,https://www.ncbi.nlm.nih.gov/nuccore/NC_000852.5
AcMNPV (Baculovirus),Animal dsDNA,133.9,"~1 × 10⁻⁷ s/n/c (estimated, Baculovirus)","Boezen D, Ali G, Wang M, Wang X, van der Werf W, Vlak JM, Zwart MP. Empirical estimates of the mutation rate for an alphabaculovirus. PLoS Genet. 2022 Jun 6;18(6):e1009806. doi: 10.1371/journal.pgen.1009806. Erratum in: PLoS Genet. 2022 Sep 1;18(9):e1010383. doi: 10.1371/journal.pgen.1010383. PMID: 35666722; PMCID: PMC9203023.",https://www.ncbi.nlm.nih.gov/nuccore/NC_001623.1
BmNPV (Bombyx mori NPV),Animal dsDNA,128.4,"~1 × 10⁻⁷ s/n/c (estimated, Baculovirus)","Boezen D, Ali G, Wang M, Wang X, van der Werf W, Vlak JM, Zwart MP. Empirical estimates of the mutation rate for an alphabaculovirus. PLoS Genet. 2022 Jun 6;18(6):e1009806. doi: 10.1371/journal.pgen.1009806. Erratum in: PLoS Genet. 2022 Sep 1;18(9):e1010383. doi: 10.1371/journal.pgen.1010383. PMID: 35666722; PMCID: PMC9203023.",https://www.ncbi.nlm.nih.gov/nuccore/NC_001962.1
CpGV (Cydia pomonella GV),Animal dsDNA,123.5,"~1 × 10⁻⁷ s/n/c (estimated, Baculovirus)","Boezen D, Ali G, Wang M, Wang X, van der Werf W, Vlak JM, Zwart MP. Empirical estimates of the mutation rate for an alphabaculovirus. PLoS Genet. 2022 Jun 6;18(6):e1009806. doi: 10.1371/journal.pgen.1009806. Erratum in: PLoS Genet. 2022 Sep 1;18(9):e1010383. doi: 10.1371/journal.pgen.1010383. PMID: 35666722; PMCID: PMC9203023.",https://www.ncbi.nlm.nih.gov/nuccore/NC_002816.1
Wiseana iridescent (WIV-9),Animal dsDNA,205.8,~10⁻⁷ s/n/c (estimated),Sanjuán R et al. (2010) J Virol 84:9733-9748. doi:10.1128/JVI.00694-10,https://www.ncbi.nlm.nih.gov/nuccore/NC_015780.1
Invertebrate iridovirus 31,Animal dsDNA,220.2,~10⁻⁷ s/n/c (estimated),Sanjuán R et al. (2010) J Virol 84:9733-9748. doi:10.1128/JVI.00694-11,https://www.ncbi.nlm.nih.gov/nuccore/AJ228341.1
Poliovirus 1,Animal ssRNA(+),7.4,9.0 × 10⁻⁵ s/n/c,Sanjuán R et al. (2010) J Virol 84:9733-9748. doi:10.1128/JVI.00694-10,https://www.ncbi.nlm.nih.gov/nuccore/NC_002058.3
Rhinovirus A (HRV-A),Animal ssRNA(+),7.2,~6.9 × 10⁻⁵ s/n/c (estimated from Rhinovirus 14),Sanjuán R et al. (2010) J Virol 84:9733-9748. doi:10.1128/JVI.00694-10,https://www.ncbi.nlm.nih.gov/nuccore/NC_001617.1
Coxsackievirus A16,Animal ssRNA(+),7.2,"~10⁻⁵ s/n/c (estimated, Picornavirus)",Sanjuán R et al. (2010) J Virol 84:9733-9748. doi:10.1128/JVI.00694-10,https://www.ncbi.nlm.nih.gov/nuccore/MG957117.1
Enterovirus 71 (EV71),Animal ssRNA(+),7.4,"~10⁻⁵ s/n/c (estimated, Picornavirus)",Sanjuán R et al. (2010) J Virol 84:9733-9748. doi:10.1128/JVI.00694-10,https://www.ncbi.nlm.nih.gov/nuccore/MW713445.1
Hepatitis A (HAV),Animal ssRNA(+),7.5,5.5 × 10⁻⁴ s/n/c,"Cristina J, Costa-Mattioli M. Genetic variability and molecular evolution of hepatitis A virus. Virus Res. 2007 Aug;127(2):151-7. doi: 10.1016/j.virusres.2007.01.005. Epub 2007 Feb 27. PMID: 17328982.",https://www.ncbi.nlm.nih.gov/nuccore/NC_001489.1
FMDV (Foot-and-mouth),Animal ssRNA(+),8.2,"~10⁻⁵ s/n/c (estimated, Picornavirus)",Sanjuán R et al. (2010) J Virol 84:9733-9748. doi:10.1128/JVI.00694-10,https://www.ncbi.nlm.nih.gov/nuccore/KR073010.1
EMCV (Encephalomyocarditis),Animal ssRNA(+),7.8,"~10⁻⁵ s/n/c (estimated, Picornavirus)",Sanjuán R et al. (2010) J Virol 84:9733-9748. doi:10.1128/JVI.00694-10,https://www.ncbi.nlm.nih.gov/nuccore/NC_001479.1
Sindbis virus (SINV),Animal ssRNA(+),11.7,"~10⁻⁴ s/n/c (estimated, Alphavirus)","Poirier EZ, Mounce BC, Rozen-Gagnon K, Hooikaas PJ, Stapleford KA, Moratorio G, Vignuzzi M. Low-Fidelity Polymerases of Alphaviruses Recombine at Higher Rates To Overproduce Defective Interfering Particles. J Virol. 2015 Dec 16;90(5):2446-54. doi: 10.1128/JVI.02921-15. PMID: 26676773; PMCID: PMC4810721.",https://www.ncbi.nlm.nih.gov/nuccore/NC_001547.1
Semliki Forest virus (SFV),Animal ssRNA(+),11.4,"~10⁻⁴ s/n/c (estimated, Alphavirus)","Poirier EZ, Mounce BC, Rozen-Gagnon K, Hooikaas PJ, Stapleford KA, Moratorio G, Vignuzzi M. Low-Fidelity Polymerases of Alphaviruses Recombine at Higher Rates To Overproduce Defective Interfering Particles. J Virol. 2015 Dec 16;90(5):2446-54. doi: 10.1128/JVI.02921-15. PMID: 26676773; PMCID: PMC4810721.",https://www.ncbi.nlm.nih.gov/nuccore/NC_003215.1
VEEV,Animal ssRNA(+),11.4,"~10⁻⁴ s/n/c (estimated, Alphavirus)","Poirier EZ, Mounce BC, Rozen-Gagnon K, Hooikaas PJ, Stapleford KA, Moratorio G, Vignuzzi M. Low-Fidelity Polymerases of Alphaviruses Recombine at Higher Rates To Overproduce Defective Interfering Particles. J Virol. 2015 Dec 16;90(5):2446-54. doi: 10.1128/JVI.02921-15. PMID: 26676773; PMCID: PMC4810721.",https://www.ncbi.nlm.nih.gov/nuccore/9626526
CHIKV (Chikungunya),Animal ssRNA(+),11.8,"~10⁻⁴ s/n/c (estimated, Alphavirus)","Poirier EZ, Mounce BC, Rozen-Gagnon K, Hooikaas PJ, Stapleford KA, Moratorio G, Vignuzzi M. Low-Fidelity Polymerases of Alphaviruses Recombine at Higher Rates To Overproduce Defective Interfering Particles. J Virol. 2015 Dec 16;90(5):2446-54. doi: 10.1128/JVI.02921-15. PMID: 26676773; PMCID: PMC4810721.",https://www.ncbi.nlm.nih.gov/nuccore/NC_004162.2
Rubella virus,Animal ssRNA(+),9.8,~10⁻⁵ s/n/c (estimated),Sanjuán R et al. (2010) J Virol 84:9733-9748. doi:10.1128/JVI.00694-10,https://www.ncbi.nlm.nih.gov/nuccore/NC_001545.2
Dengue virus (DENV-2),Animal ssRNA(+),10.7,"~10⁻⁴ s/n/c (estimated, Flavivirus)","Caldwell HS, Pata JD, Ciota AT. The Role of the Flavivirus Replicase in Viral Diversity and Adaptation. Viruses. 2022 May 17;14(5):1076. doi: 10.3390/v14051076. PMID: 35632818; PMCID: PMC9143365.",https://www.ncbi.nlm.nih.gov/nuccore/NC_001474.2
West Nile virus (WNV),Animal ssRNA(+),11,"~10⁻⁴ s/n/c (estimated, Flavivirus)","Caldwell HS, Pata JD, Ciota AT. The Role of the Flavivirus Replicase in Viral Diversity and Adaptation. Viruses. 2022 May 17;14(5):1076. doi: 10.3390/v14051076. PMID: 35632818; PMCID: PMC9143365.",https://www.ncbi.nlm.nih.gov/nuccore/NC_009942.1
Yellow fever virus (YFV),Animal ssRNA(+),10.9,"~10⁻⁴ s/n/c (estimated, Flavivirus)","Caldwell HS, Pata JD, Ciota AT. The Role of the Flavivirus Replicase in Viral Diversity and Adaptation. Viruses. 2022 May 17;14(5):1076. doi: 10.3390/v14051076. PMID: 35632818; PMCID: PMC9143365.",https://www.ncbi.nlm.nih.gov/nuccore/NC_002031.1
Zika virus (ZIKV),Animal ssRNA(+),10.8,"~10⁻⁴ s/n/c (estimated, Flavivirus)","Caldwell HS, Pata JD, Ciota AT. The Role of the Flavivirus Replicase in Viral Diversity and Adaptation. Viruses. 2022 May 17;14(5):1076. doi: 10.3390/v14051076. PMID: 35632818; PMCID: PMC9143365.",https://www.ncbi.nlm.nih.gov/nuccore/NC_012532.1
Japanese encephalitis (JEV),Animal ssRNA(+),11,"~10⁻⁴ s/n/c (estimated, Flavivirus)","Caldwell HS, Pata JD, Ciota AT. The Role of the Flavivirus Replicase in Viral Diversity and Adaptation. Viruses. 2022 May 17;14(5):1076. doi: 10.3390/v14051076. PMID: 35632818; PMCID: PMC9143365.",https://www.ncbi.nlm.nih.gov/nuccore/NC_001437.1
HCV (Hepatitis C),Animal ssRNA(+),9.6,1.2 × 10⁻⁴ s/n/c,"Sanjuán R, Nebot MR, Chirico N, Mansky LM, Belshaw R. Viral mutation rates. J Virol. 2010 Oct;84(19):9733-48. doi: 10.1128/JVI.00694-10. Epub 2010 Jul 21. PMID: 20660197; PMCID: PMC2937809.",https://www.ncbi.nlm.nih.gov/nuccore/NC_004102.1
SARS-CoV,Animal ssRNA(+),29.7,~10⁻⁶ s/n/c ,"Markov, P.V., Ghafari, M., Beer, M. et al. The evolution of SARS-CoV-2. Nat Rev Microbiol 21, 361–379 (2023). https://doi.org/10.1038/s41579-023-00878-2",https://www.ncbi.nlm.nih.gov/nuccore/NC_004718.3
SARS-CoV-2,Animal ssRNA(+),29.9,1.5  × 10⁻⁶ s/n/c,"Markov, P.V., Ghafari, M., Beer, M. et al. The evolution of SARS-CoV-2. Nat Rev Microbiol 21, 361–379 (2023). https://doi.org/10.1038/s41579-023-00878-2",https://www.ncbi.nlm.nih.gov/nuccore/NC_045512.2
MERS-CoV,Animal ssRNA(+),30.1,~10⁻⁶ s/n/c,"Markov, P.V., Ghafari, M., Beer, M. et al. The evolution of SARS-CoV-2. Nat Rev Microbiol 21, 361–379 (2023). https://doi.org/10.1038/s41579-023-00878-2",https://www.ncbi.nlm.nih.gov/nuccore/NC_019843.3
MHV (Mouse hepatitis CoV),Animal ssRNA(+),31.4,~3.5 × 10⁻⁶ s/n/c,Sanjuán R et al. (2010) J Virol 84:9733-9748. doi:10.1128/JVI.00694-10,https://www.ncbi.nlm.nih.gov/nuccore/NC_001846.1
HCoV-229E,Animal ssRNA(+),27.3,~10⁻⁶ s/n/c,"Markov, P.V., Ghafari, M., Beer, M. et al. The evolution of SARS-CoV-2. Nat Rev Microbiol 21, 361–379 (2023). https://doi.org/10.1038/s41579-023-00878-2",https://www.ncbi.nlm.nih.gov/nuccore/NC_002645.1
HCoV-OC43,Animal ssRNA(+),30.7,~10⁻⁶ s/n/c,"Markov, P.V., Ghafari, M., Beer, M. et al. The evolution of SARS-CoV-2. Nat Rev Microbiol 21, 361–379 (2023). https://doi.org/10.1038/s41579-023-00878-2",https://www.ncbi.nlm.nih.gov/nuccore/NC_006213.1
TGEV (Transmissible gastro.),Animal ssRNA(+),28.6,~10⁻⁶ s/n/c,"Markov, P.V., Ghafari, M., Beer, M. et al. The evolution of SARS-CoV-2. Nat Rev Microbiol 21, 361–379 (2023). https://doi.org/10.1038/s41579-023-00878-2",https://www.ncbi.nlm.nih.gov/nuccore/DQ811788.1
Hepatitis E virus (HEV),Animal ssRNA(+),7.2,"~10⁻⁴ s/n/c (estimated, ssRNA(+) Hepevirus)","van Tong H, Hoan NX, Wang B, Wedemeyer H, Bock CT, Velavan TP. Hepatitis E Virus Mutations: Functional and Clinical Relevance. EBioMedicine. 2016 Sep;11:31-42. doi: 10.1016/j.ebiom.2016.07.039. Epub 2016 Aug 6. PMID: 27528267; PMCID: PMC5049923.",https://www.ncbi.nlm.nih.gov/nuccore/NC_001434.1
Norovirus GII.4,Animal ssRNA(+),7.5,1.5 × 10⁻⁴ s/n/c,"Cuevas JM, Combe M, Torres-Puente M, Garijo R, Guix S, Buesa J, Rodríguez-Díaz J, Sanjuán R. Human norovirus hyper-mutation revealed by ultra-deep sequencing. Infect Genet Evol. 2016 Jul;41:233-239. doi: 10.1016/j.meegid.2016.04.017. Epub 2016 Apr 17. PMID: 27094861; PMCID: PMC7172324.",https://www.ncbi.nlm.nih.gov/nuccore/NC_029646.1
Feline calicivirus (FCV),Animal ssRNA(+),7.7,~10⁻⁴ s/n/c,"Wei Y, Zeng Q, Gou H, Bao S. Update on feline calicivirus: viral evolution, pathogenesis, epidemiology, prevention and control. Front Microbiol. 2024 May 2;15:1388420. doi: 10.3389/fmicb.2024.1388420. PMID: 38756726; PMCID: PMC11096512.",https://www.ncbi.nlm.nih.gov/nuccore/NC_001481.2
Flock house virus (FHV),Animal ssRNA(+),4.5,~10⁻⁵ s/n/c (estimated),Sanjuán R et al. (2010) J Virol 84:9733-9748. doi:10.1128/JVI.00694-10,https://www.ncbi.nlm.nih.gov/datasets/genome/GCF_000854385.1/
Drosophila C virus (DCV),Animal ssRNA(+),9.3,~10⁻⁵ s/n/c (estimated),Sanjuán R et al. (2010) J Virol 84:9733-9748. doi:10.1128/JVI.00694-11,https://www.ncbi.nlm.nih.gov/nuccore/NC_001834.1
Cricket paralysis (CrPV),Animal ssRNA(+),9.2,~10⁻⁵ s/n/c (estimated),Sanjuán R et al. (2010) J Virol 84:9733-9748. doi:10.1128/JVI.00694-12,https://www.ncbi.nlm.nih.gov/nuccore/NC_003924.1
Sacbrood virus (SBV),Animal ssRNA(+),8.8,~10⁻⁵ s/n/c (estimated),Sanjuán R et al. (2010) J Virol 84:9733-9748. doi:10.1128/JVI.00694-13,https://www.ncbi.nlm.nih.gov/nuccore/NC_002066.1
Deformed wing virus (DWV),Animal ssRNA(+),10.1,~10⁻⁵ s/n/c (estimated),Sanjuán R et al. (2010) J Virol 84:9733-9748. doi:10.1128/JVI.00694-14,https://www.ncbi.nlm.nih.gov/nuccore/NC_004830.2
Influenza A (H1N1),Animal ssRNA(-),13.6,2.3 × 10⁻⁵ s/n/c (influenza A class),Sanjuán R et al. (2010) J Virol 84:9733-9748. doi:10.1128/JVI.00694-10,https://www.ncbi.nlm.nih.gov/nuccore/NC_002023.1 https://www.ncbi.nlm.nih.gov/nuccore/NC_002021.1 https://www.ncbi.nlm.nih.gov/nuccore/NC_002022.1 https://www.ncbi.nlm.nih.gov/nuccore/NC_002017.1 https://www.ncbi.nlm.nih.gov/nuccore/NC_002019.1 https://www.ncbi.nlm.nih.gov/nuccore/NC_002018.1 https://www.ncbi.nlm.nih.gov/nuccore/NC_002016.1 https://www.ncbi.nlm.nih.gov/nuccore/NC_002020.1
Influenza A (H3N2),Animal ssRNA(-),13.6,2.3 × 10⁻⁵ s/n/c (influenza A class),Sanjuán R et al. (2010) J Virol 84:9733-9748. doi:10.1128/JVI.00694-10,https://www.ncbi.nlm.nih.gov/nuccore/NC_007373.1 https://www.ncbi.nlm.nih.gov/nuccore/NC_007372.1 https://www.ncbi.nlm.nih.gov/nuccore/NC_007371.1 https://www.ncbi.nlm.nih.gov/nuccore/NC_007366.1 https://www.ncbi.nlm.nih.gov/nuccore/NC_007369.1 https://www.ncbi.nlm.nih.gov/nuccore/NC_007368.1 https://www.ncbi.nlm.nih.gov/nuccore/NC_007367.1 https://www.ncbi.nlm.nih.gov/nuccore/NC_007370.1
Influenza B,Animal ssRNA(-),14.5,1.7 × 10⁻⁶ s/n/c,Sanjuán R et al. (2010) J Virol 84:9733-9748. doi:10.1128/JVI.00694-10,https://www.ncbi.nlm.nih.gov/nuccore/NC_002204.1 https://www.ncbi.nlm.nih.gov/nuccore/NC_002205.1 https://www.ncbi.nlm.nih.gov/nuccore/NC_002206.1 https://www.ncbi.nlm.nih.gov/nuccore/NC_002207.1 https://www.ncbi.nlm.nih.gov/nuccore/NC_002208.1 https://www.ncbi.nlm.nih.gov/nuccore/NC_002209.1 https://www.ncbi.nlm.nih.gov/nuccore/NC_002210.1 https://www.ncbi.nlm.nih.gov/nuccore/NC_002211.1
VSV (Indiana),Animal ssRNA(-),11.2,3.5 × 10⁻⁵ s/n/c,Steinhauer DA et al. (1989) J Virol 63:2063-2071. PMID:2704075; Combe M & Sanjuán R (2014) PLoS Pathog 10:e1003855. doi:10.1371/journal.ppat.1003855,https://www.ncbi.nlm.nih.gov/nuccore/NC_001560.1
Rabies virus,Animal ssRNA(-),11.9,~3.5 × 10⁻⁵ s/n/c (estimated),Steinhauer DA et al. (1989) J Virol 63:2063-2071. PMID:2704075; Combe M & Sanjuán R (2014) PLoS Pathog 10:e1003855. doi:10.1371/journal.ppat.1003855,https://www.ncbi.nlm.nih.gov/nuccore/NC_001542.1
Ebola virus (EBOV),Animal ssRNA(-),19,"~10⁻⁵ s/n/c (estimated, Filovirus)","Whitfield ZJ, Prasad AN, Ronk AJ, Kuzmin IV, Ilinykh PA, Andino R, Bukreyev A. Species-Specific Evolution of Ebola Virus during Replication in Human and Bat Cells. Cell Rep. 2020 Aug 18;32(7):108028. doi: 10.1016/j.celrep.2020.108028. PMID: 32814037; PMCID: PMC7434439.",https://www.ncbi.nlm.nih.gov/nuccore/NC_002549.1
Marburg virus (MARV),Animal ssRNA(-),19.1,"~10⁻⁵ s/n/c (estimated, Filovirus)","Whitfield ZJ, Prasad AN, Ronk AJ, Kuzmin IV, Ilinykh PA, Andino R, Bukreyev A. Species-Specific Evolution of Ebola Virus during Replication in Human and Bat Cells. Cell Rep. 2020 Aug 18;32(7):108028. doi: 10.1016/j.celrep.2020.108028. PMID: 32814037; PMCID: PMC7434439.",https://www.ncbi.nlm.nih.gov/nuccore/NC_001608
Measles virus (MeV),Animal ssRNA(-),15.9,4.4 × 10⁻⁵ s/n/c,Sanjuán R et al. (2010) J Virol 84:9733-9748. doi:10.1128/JVI.00694-10,https://www.ncbi.nlm.nih.gov/nuccore/NC_001498.1
Mumps virus (MuV),Animal ssRNA(-),15.4,"4.4 × 10⁻⁵ s/n/c (estimated, Paramyxovirus)",Sanjuán R et al. (2010) J Virol 84:9733-9748. doi:10.1128/JVI.00694-10,https://www.ncbi.nlm.nih.gov/nuccore/NC_002200.1
Sendai virus (SeV),Animal ssRNA(-),15.4,"4.4 × 10⁻⁵ s/n/c (estimated, Paramyxovirus)",Sanjuán R et al. (2010) J Virol 84:9733-9748. doi:10.1128/JVI.00694-10,https://www.ncbi.nlm.nih.gov/nuccore/NC_001552.1
NDV (Newcastle disease),Animal ssRNA(-),15.2,"4.4 × 10⁻⁵ s/n/c (estimated, Paramyxovirus)",Sanjuán R et al. (2010) J Virol 84:9733-9748. doi:10.1128/JVI.00694-10,https://www.ncbi.nlm.nih.gov/nuccore/JX524203.1
Nipah virus (NiV),Animal ssRNA(-),18.2,"~10⁻⁵ s/n/c (estimated, RNA virus)",Sanjuán R et al. (2010) J Virol 84:9733-9748. doi:10.1128/JVI.00694-10,https://www.ncbi.nlm.nih.gov/nuccore/NC_002728.1
Hendra virus (HeV),Animal ssRNA(-),18.2,"~10⁻⁵ s/n/c (estimated, RNA virus)",Sanjuán R et al. (2010) J Virol 84:9733-9748. doi:10.1128/JVI.00694-10,https://www.ncbi.nlm.nih.gov/nuccore/NC_001906.3
RSV (Respiratory syncytial),Animal ssRNA(-),15.2,~3 × 10⁻⁴  s/n/c,"Collins PL, Fearns R, Graham BS. Respiratory syncytial virus: virology, reverse genetics, and pathogenesis of disease. Curr Top Microbiol Immunol. 2013;372:3-38. doi: 10.1007/978-3-642-38919-1_1. PMID: 24362682; PMCID: PMC4794264.",https://www.ncbi.nlm.nih.gov/nuccore/NC_001781.1
hMPV (Metapneumovirus),Animal ssRNA(-),15.1,~3 × 10⁻⁴  s/n/c (estimated from RSV),"Collins PL, Fearns R, Graham BS. Respiratory syncytial virus: virology, reverse genetics, and pathogenesis of disease. Curr Top Microbiol Immunol. 2013;372:3-38. doi: 10.1007/978-3-642-38919-1_1. PMID: 24362682; PMCID: PMC4794264.",https://www.ncbi.nlm.nih.gov/nuccore/KM360090.1
Hantaan virus (HTNV),Animal ssRNA(-),11.8,"~1 × 10⁻⁵ s/n/c (estimated, Hantavirus ssRNA(-))",Sanjuán R et al. (2010) J Virol 84:9733-9748. doi:10.1128/JVI.00694-10,https://www.ncbi.nlm.nih.gov/nuccore/NC_005222.1 https://www.ncbi.nlm.nih.gov/nuccore/NC_005219 https://www.ncbi.nlm.nih.gov/nuccore/NC_005218
Sin Nombre virus (SNV),Animal ssRNA(-),12.3,"~1 × 10⁻⁵ s/n/c (estimated, Hantavirus ssRNA(-))",Sanjuán R et al. (2010) J Virol 84:9733-9748. doi:10.1128/JVI.00694-10,https://www.ncbi.nlm.nih.gov/nuccore/NC_005215.1 https://www.ncbi.nlm.nih.gov/nuccore/NC_005216 https://www.ncbi.nlm.nih.gov/nuccore/NC_005217
Rift Valley fever (RVFV),Animal ssRNA(-),12,~10⁻⁴ s/n/c (estimated),"Moutailler S, Roche B, Thiberge JM, Caro V, Rougeon F, Failloux AB. Host alternation is necessary to maintain the genome stability of rift valley fever virus. PLoS Negl Trop Dis. 2011 May;5(5):e1156. doi: 10.1371/journal.pntd.0001156. Epub 2011 May 24. PMID: 21629727; PMCID: PMC3101185.",https://www.ncbi.nlm.nih.gov/nuccore/NC_014395 https://www.ncbi.nlm.nih.gov/nuccore/NC_014396 https://www.ncbi.nlm.nih.gov/nuccore/NC_014397
Crimean-Congo HF (CCHFV),Animal ssRNA(-),19.1,"~2 × 10⁻⁴ s/n/c (estimated, Nairovirus ssRNA(-))",Sanjuán R et al. (2010) J Virol 84:9733-9748. doi:10.1128/JVI.00694-10,https://www.ncbi.nlm.nih.gov/nuccore/NC_005300 https://www.ncbi.nlm.nih.gov/nuccore/NC_005301 https://www.ncbi.nlm.nih.gov/nuccore/NC_005302
Lassa virus (LASV),Animal ssRNA(-),10.7,"~1 × 10⁻⁴ s/n/c (estimated, Arenavirus)","Zapata JC, Salvato MS. Arenavirus variations due to host-specific adaptation. Viruses. 2013 Jan 17;5(1):241-78. doi: 10.3390/v5010241. PMID: 23344562; PMCID: PMC3564120.",https://www.ncbi.nlm.nih.gov/nuccore/NC_004296.1 https://www.ncbi.nlm.nih.gov/nuccore/NC_004297
Lymphocytic choriomening.(LCMV),Animal ssRNA(-),10.1,"~1 × 10⁻⁴ s/n/c (estimated, Arenavirus)","Zapata JC, Salvato MS. Arenavirus variations due to host-specific adaptation. Viruses. 2013 Jan 17;5(1):241-78. doi: 10.3390/v5010241. PMID: 23344562; PMCID: PMC3564120.",https://www.ncbi.nlm.nih.gov/nuccore/NC_004291.1 https://www.ncbi.nlm.nih.gov/nuccore/NC_004294
Reovirus T3D,Animal dsRNA,23.6,"~10⁻⁶ s/n/c (estimated, dsRNA Reovirus)",Sanjuán R et al. (2010) J Virol 84:9733-9748. doi:10.1128/JVI.00694-10,https://www.ncbi.nlm.nih.gov/datasets/genome/GCF_006298385.1/
Rotavirus A (RVA),Animal dsRNA,18.5,5 × 10⁻⁵ s/n/c ,"Blackhall J, Fuentes a, Magnusson G. Genetic stability of a porcine rotavirus RNA segment during repeated plaque isolation. Virology. 1996;225(1):181–190.",https://www.ncbi.nlm.nih.gov/datasets/genome/GCA_002647475.1/
Bluetongue virus (BTV-10),Animal dsRNA,19.2,"~10⁻⁶ s/n/c (estimated, dsRNA Orbivirus)",Sanjuán R et al. (2010) J Virol 84:9733-9748. doi:10.1128/JVI.00694-10,https://www.ncbi.nlm.nih.gov/datasets/genome/GCF_000854445.3/
Colorado tick fever virus,Animal dsRNA,29.2,"~10⁻⁶ s/n/c (estimated, dsRNA Coltivirus)",Sanjuán R et al. (2010) J Virol 84:9733-9748. doi:10.1128/JVI.00694-10,https://www.ncbi.nlm.nih.gov/datasets/genome/GCF_000853265.1/
HIV-1,Retrovirus,9.2,2.4 × 10⁻⁵ s/n/c ,Sanjuán R et al. (2010) J Virol 84:9733-9748. doi:10.1128/JVI.00694-10,https://www.ncbi.nlm.nih.gov/nuccore/NC_001802.1
HIV-2,Retrovirus,10.4,2.4 × 10⁻⁵ s/n/c ,Sanjuán R et al. (2010) J Virol 84:9733-9748. doi:10.1128/JVI.00694-10,https://www.ncbi.nlm.nih.gov/nuccore/NC_001722.1
HTLV-1,Retrovirus,8.5,"7 × 10⁻⁶ s/n/c (estimated, HTLV class)",Mansky LM (2000) J Virol 74:9525-9531. doi:10.1128/JVI.74.20.9525-9531.2000,https://www.ncbi.nlm.nih.gov/nuccore/NC_001436.1
HTLV-2,Retrovirus,9,"7 × 10⁻⁶ s/n/c (estimated, HTLV class)",Mansky LM (2000) J Virol 74:9525-9531. doi:10.1128/JVI.74.20.9525-9531.2001,https://www.ncbi.nlm.nih.gov/nuccore/NC_001488.1
MLV (Murine leukemia),Retrovirus,8.3,1.4 × 10⁻⁵ s/n/c,"De Angioletti M, Rovira A, Sadelain M, Luzzatto L, Notaro R. Frequency of missense mutations in the coding region of a eukaryotic gene transferred by retroviral vectors. J Virol. 2002 Feb;76(4):1991-4. doi: 10.1128/jvi.76.4.1991-1994.2002. PMID: 11799194; PMCID: PMC135901.",https://www.ncbi.nlm.nih.gov/nuccore/NC_001501.1
MMTV (Mouse mammary tumor),Retrovirus,8.8,"3 × 10⁻⁵ s/n/c (estimated, retrovirus)","Sanjuán R et al. (2010) J Virol 84:9733-9748. doi:10.1128/JVI.00694-10, https://www.mdpi.com/1999-4915/6/9/3612",https://www.ncbi.nlm.nih.gov/nuccore/NC_001503.1
RSV (Rous sarcoma),Retrovirus,9.4,1.4 × 10⁻⁴ s/n/c,"Leider JM, Palese P, Smith FI.1988.Determination of the mutation rate of a retrovirus. J Virol62:.https://doi.org/10.1128/jvi.62.9.3084-3091.1988",https://www.ncbi.nlm.nih.gov/nuccore/NC_001407.1
SIV (Simian immunodef.),Retrovirus,9.6,"3 × 10⁻⁵ s/n/c (estimated, retrovirus)","Sanjuán R et al. (2010) J Virol 84:9733-9748. doi:10.1128/JVI.00694-10, https://www.mdpi.com/1999-4915/6/9/3612",https://www.ncbi.nlm.nih.gov/nuccore/NC_001549.1
FIV (Feline immunodef.),Retrovirus,9.5,"3 × 10⁻⁵ s/n/c (estimated, retrovirus)","Sanjuán R et al. (2010) J Virol 84:9733-9748. doi:10.1128/JVI.00694-10, https://www.mdpi.com/1999-4915/6/9/3613",https://www.ncbi.nlm.nih.gov/nuccore/NC_001482.1
Hepatitis B (HBV),Retrovirus,3.2,3 × 10⁻⁵ s/n/c (estimated from retroviruses),"Sanjuán R et al. (2010) J Virol 84:9733-9748. doi:10.1128/JVI.00694-10, https://www.mdpi.com/1999-4915/6/9/3614",https://www.ncbi.nlm.nih.gov/nuccore/NC_003977.2
